,open,close,high,low,volume,H-L,H-PC,L-PC,TR,ATR,Upper Basic,Lower Basic,Upper Band,Lower Band,SuperTrend
0,41.8,41.25,41.8,41.15,0,0.6499999999999986,,,0.6499999999999986,,,,,,
1,41.8,41.25,41.8,41.15,0,0.6499999999999986,0.5499999999999972,0.10000000000000142,0.6499999999999986,,,,,,
2,41.8,41.25,41.8,41.15,0,0.6499999999999986,0.5499999999999972,0.10000000000000142,0.6499999999999986,,,,,,
3,41.8,41.25,41.8,41.15,0,0.6499999999999986,0.5499999999999972,0.10000000000000142,0.6499999999999986,,,,,,
4,41.8,41.25,41.8,41.15,0,0.6499999999999986,0.5499999999999972,0.10000000000000142,0.6499999999999986,,,,,,
5,41.8,41.4,41.8,41.15,0,0.6499999999999986,0.5499999999999972,0.10000000000000142,0.6499999999999986,,,,,,
6,41.25,41.25,41.55,40.8,0,0.75,0.14999999999999858,0.6000000000000014,0.75,,,,,,
7,41.8,41.4,41.8,41.15,0,0.6499999999999986,0.5499999999999972,0.10000000000000142,0.6499999999999986,0.664285714285713,43.467857142857135,39.482142857142854,43.467857142857135,39.482142857142854,43.467857142857135
8,41.25,41.25,41.55,40.8,0,0.75,0.14999999999999858,0.6000000000000014,0.75,0.6749999999999989,43.199999999999996,39.15,43.199999999999996,39.482142857142854,43.199999999999996
9,41.8,41.4,41.8,41.15,0,0.6499999999999986,0.5499999999999972,0.10000000000000142,0.6499999999999986,0.6718749999999989,43.490624999999994,39.459374999999994,43.199999999999996,39.482142857142854,43.199999999999996
10,41.25,41.25,41.55,40.8,0,0.75,0.14999999999999858,0.6000000000000014,0.75,0.681640624999999,43.219921875,39.130078125,43.199999999999996,39.482142857142854,43.199999999999996
11,41.8,41.4,41.8,41.15,0,0.6499999999999986,0.5499999999999972,0.10000000000000142,0.6499999999999986,0.6776855468749989,43.50805664062499,39.441943359374996,43.199999999999996,39.482142857142854,43.199999999999996
12,41.25,41.25,41.55,40.8,0,0.75,0.14999999999999858,0.6000000000000014,0.75,0.6867248535156241,43.23517456054687,39.11482543945313,43.199999999999996,39.482142857142854,43.199999999999996
13,41.8,41.4,41.8,41.15,0,0.6499999999999986,0.5499999999999972,0.10000000000000142,0.6499999999999986,0.6821342468261709,43.52140274047851,39.42859725952148,43.199999999999996,39.482142857142854,43.199999999999996
14,41.25,42.2,41.55,40.8,0,0.75,0.14999999999999858,0.6000000000000014,0.75,0.6906174659728995,43.246852397918694,39.1031476020813,43.199999999999996,39.482142857142854,43.199999999999996
15,41.8,41.25,42.45,40.8,0,1.6500000000000057,0.25,1.4000000000000057,1.6500000000000057,0.8105402827262878,44.056620848178866,39.193379151821134,43.199999999999996,39.482142857142854,43.199999999999996
16,41.8,41.4,41.8,41.15,0,0.6499999999999986,0.5499999999999972,0.10000000000000142,0.6499999999999986,0.7904727473855016,43.8464182421565,39.103581757843486,43.199999999999996,39.482142857142854,43.199999999999996
17,41.25,42.2,41.55,40.8,0,0.75,0.14999999999999858,0.6000000000000014,0.75,0.7854136539623139,43.53124096188694,38.81875903811306,43.199999999999996,39.482142857142854,43.199999999999996
18,41.65,42.2,42.45,41.35,0,1.1000000000000014,0.25,0.8500000000000014,1.1000000000000014,0.8247369472170248,44.37421084165108,39.425789158348934,43.199999999999996,39.482142857142854,43.199999999999996
19,41.8,41.25,42.45,40.8,0,1.6500000000000057,0.25,1.4000000000000057,1.6500000000000057,0.9278948288148975,44.40868448644469,38.84131551355531,43.199999999999996,39.482142857142854,43.199999999999996
20,41.8,41.4,41.8,41.15,0,0.6499999999999986,0.5499999999999972,0.10000000000000142,0.6499999999999986,0.8931579752130351,44.1544739256391,38.795526074360886,43.199999999999996,39.482142857142854,43.199999999999996
21,41.25,42.2,41.55,40.8,0,0.75,0.14999999999999858,0.6000000000000014,0.75,0.8752632283114057,43.800789684934216,38.54921031506578,43.199999999999996,39.482142857142854,43.199999999999996
22,41.65,42.2,42.45,41.35,0,1.1000000000000014,0.25,0.8500000000000014,1.1000000000000014,0.9033553247724802,44.61006597431744,39.18993402568257,43.199999999999996,39.482142857142854,43.199999999999996
23,41.8,41.25,42.45,40.8,0,1.6500000000000057,0.25,1.4000000000000057,1.6500000000000057,0.9966859091759208,44.61505772752776,38.63494227247224,43.199999999999996,39.482142857142854,43.199999999999996
24,41.8,41.4,41.8,41.15,0,0.6499999999999986,0.5499999999999972,0.10000000000000142,0.6499999999999986,0.9533501705289306,44.335050511586786,38.6149494884132,43.199999999999996,39.482142857142854,43.199999999999996
25,41.25,42.2,41.55,40.8,0,0.75,0.14999999999999858,0.6000000000000014,0.75,0.9279313992128142,43.95879419763844,38.391205802361554,43.199999999999996,39.482142857142854,43.199999999999996
26,41.65,42.2,42.45,41.35,0,1.1000000000000014,0.25,0.8500000000000014,1.1000000000000014,0.9494399743112126,44.748319922933646,39.051680077066365,43.199999999999996,39.482142857142854,43.199999999999996
27,41.8,41.25,42.45,40.8,0,1.6500000000000057,0.25,1.4000000000000057,1.6500000000000057,1.0370099775223118,44.736029932566936,38.513970067433064,43.199999999999996,39.482142857142854,43.199999999999996
28,41.8,41.4,41.8,41.15,0,0.6499999999999986,0.5499999999999972,0.10000000000000142,0.6499999999999986,0.9886337303320227,44.440901190996065,38.50909880900392,43.199999999999996,39.482142857142854,43.199999999999996
29,41.25,42.2,41.55,40.8,0,0.75,0.14999999999999858,0.6000000000000014,0.75,0.9588045140405199,44.05141354212156,38.298586457878436,43.199999999999996,39.482142857142854,43.199999999999996
30,41.65,42.2,42.45,41.35,0,1.1000000000000014,0.25,0.8500000000000014,1.1000000000000014,0.9764539497854551,44.829361849356374,38.97063815064364,43.199999999999996,39.482142857142854,43.199999999999996
31,41.8,41.25,42.45,40.8,0,1.6500000000000057,0.25,1.4000000000000057,1.6500000000000057,1.0606472060622738,44.80694161818682,38.44305838181318,43.199999999999996,39.482142857142854,43.199999999999996
32,41.8,41.4,41.8,41.15,0,0.6499999999999986,0.5499999999999972,0.10000000000000142,0.6499999999999986,1.0093163053044893,44.502948915913464,38.447051084086524,43.199999999999996,39.482142857142854,43.199999999999996
33,41.25,42.2,41.55,40.8,0,0.75,0.14999999999999858,0.6000000000000014,0.75,0.9769017671414282,44.10570530142428,38.244294698575715,43.199999999999996,39.482142857142854,43.199999999999996
34,41.65,42.2,42.45,41.35,0,1.1000000000000014,0.25,0.8500000000000014,1.1000000000000014,0.9922890462487498,44.876867138746256,38.923132861253755,43.199999999999996,39.482142857142854,43.199999999999996
35,41.8,41.25,42.45,40.8,0,1.6500000000000057,0.25,1.4000000000000057,1.6500000000000057,1.0745029154676566,44.84850874640297,38.40149125359703,43.199999999999996,39.482142857142854,43.199999999999996
36,41.8,41.4,41.8,41.15,0,0.6499999999999986,0.5499999999999972,0.10000000000000142,0.6499999999999986,1.0214400510341994,44.539320153102594,38.410679846897395,43.199999999999996,39.482142857142854,43.199999999999996
37,41.25,42.2,41.55,40.8,0,0.75,0.14999999999999858,0.6000000000000014,0.75,0.9875100446549245,44.13753013396477,38.21246986603522,43.199999999999996,39.482142857142854,43.199999999999996
38,41.65,42.8,42.45,41.35,0,1.1000000000000014,0.25,0.8500000000000014,1.1000000000000014,1.001571289073059,44.904713867219186,38.895286132780825,43.199999999999996,39.482142857142854,43.199999999999996
39,42.3,42.2,43.05,42.0,0,1.0499999999999972,0.25,0.7999999999999972,1.0499999999999972,1.0076248779389263,45.547874633816775,39.50212536618322,43.199999999999996,39.50212536618322,43.199999999999996
40,41.8,41.25,42.45,40.8,0,1.6500000000000057,0.25,1.4000000000000057,1.6500000000000057,1.0879217681965612,44.88876530458968,38.36123469541032,43.199999999999996,39.50212536618322,43.199999999999996
41,41.8,41.4,41.8,41.15,0,0.6499999999999986,0.5499999999999972,0.10000000000000142,0.6499999999999986,1.0331815471719907,44.57454464151596,38.375455358484025,43.199999999999996,39.50212536618322,43.199999999999996
42,41.25,42.2,41.55,40.8,0,0.75,0.14999999999999858,0.6000000000000014,0.75,0.997783853775492,44.168351561326475,38.18164843867352,43.199999999999996,39.50212536618322,43.199999999999996
43,41.65,42.8,42.45,41.35,0,1.1000000000000014,0.25,0.8500000000000014,1.1000000000000014,1.0105608720535555,44.93168261616067,38.86831738383934,43.199999999999996,39.50212536618322,43.199999999999996
44,42.3,42.2,43.05,42.0,0,1.0499999999999972,0.25,0.7999999999999972,1.0499999999999972,1.0154907630468606,45.57147228914058,39.47852771085942,43.199999999999996,39.50212536618322,43.199999999999996
45,41.8,41.25,42.45,40.8,0,1.6500000000000057,0.25,1.4000000000000057,1.6500000000000057,1.0948044176660037,44.90941325299801,38.34058674700199,43.199999999999996,39.50212536618322,43.199999999999996
46,41.8,41.4,41.8,41.15,0,0.6499999999999986,0.5499999999999972,0.10000000000000142,0.6499999999999986,1.0392038654577531,44.59261159637325,38.357388403626736,43.199999999999996,39.50212536618322,43.199999999999996
47,41.25,42.2,41.55,40.8,0,0.75,0.14999999999999858,0.6000000000000014,0.75,1.0030533822755339,44.1841601468266,38.165839853173395,43.199999999999996,39.50212536618322,43.199999999999996
48,41.65,42.8,42.45,41.35,0,1.1000000000000014,0.25,0.8500000000000014,1.1000000000000014,1.0151717094910924,44.94551512847328,38.85448487152673,43.199999999999996,39.50212536618322,43.199999999999996
49,42.3,42.2,43.05,42.0,0,1.0499999999999972,0.25,0.7999999999999972,1.0499999999999972,1.0195252458047055,45.583575737414115,39.46642426258588,43.199999999999996,39.50212536618322,43.199999999999996
50,41.8,41.25,42.45,40.8,0,1.6500000000000057,0.25,1.4000000000000057,1.6500000000000057,1.098334590079118,44.92000377023735,38.32999622976265,43.199999999999996,39.50212536618322,43.199999999999996
51,41.8,41.4,41.8,41.15,0,0.6499999999999986,0.5499999999999972,0.10000000000000142,0.6499999999999986,1.042292766319228,44.60187829895768,38.34812170104231,43.199999999999996,39.50212536618322,43.199999999999996
52,41.25,42.2,41.55,40.8,0,0.75,0.14999999999999858,0.6000000000000014,0.75,1.0057561705293245,44.19226851158797,38.157731488412026,43.199999999999996,39.50212536618322,43.199999999999996
53,41.65,42.8,42.45,41.35,0,1.1000000000000014,0.25,0.8500000000000014,1.1000000000000014,1.017536649213159,44.95260994763948,38.84739005236053,43.199999999999996,39.50212536618322,43.199999999999996
54,42.3,42.2,43.05,42.0,0,1.0499999999999972,0.25,0.7999999999999972,1.0499999999999972,1.0215945680615137,45.58978370418454,39.46021629581546,43.199999999999996,39.50212536618322,43.199999999999996
55,41.8,41.25,42.45,40.8,0,1.6500000000000057,0.25,1.4000000000000057,1.6500000000000057,1.1001452470538253,44.92543574116148,38.32456425883852,43.199999999999996,39.50212536618322,43.199999999999996
56,41.8,41.4,41.8,41.15,0,0.6499999999999986,0.5499999999999972,0.10000000000000142,0.6499999999999986,1.043877091172097,44.606631273516285,38.3433687264837,43.199999999999996,39.50212536618322,43.199999999999996
57,41.25,42.2,41.55,40.8,0,0.75,0.14999999999999858,0.6000000000000014,0.75,1.0071424547755847,44.19642736432675,38.15357263567324,43.199999999999996,39.50212536618322,43.199999999999996
58,41.65,42.8,42.45,41.35,0,1.1000000000000014,0.25,0.8500000000000014,1.1000000000000014,1.0187496479286369,44.956248943785916,38.843751056214096,43.199999999999996,39.50212536618322,43.199999999999996
59,42.3,42.2,43.05,42.0,0,1.0499999999999972,0.25,0.7999999999999972,1.0499999999999972,1.022655941937557,45.59296782581267,39.457032174187326,43.199999999999996,39.50212536618322,43.199999999999996
60,41.8,41.25,42.45,40.8,0,1.6500000000000057,0.25,1.4000000000000057,1.6500000000000057,1.1010739491953632,44.92822184758609,38.32177815241391,43.199999999999996,39.50212536618322,43.199999999999996
61,41.8,41.4,41.8,41.15,0,0.6499999999999986,0.5499999999999972,0.10000000000000142,0.6499999999999986,1.0446897055459425,44.60906911663782,38.34093088336217,43.199999999999996,39.50212536618322,43.199999999999996
62,41.25,42.2,41.55,40.8,0,0.75,0.14999999999999858,0.6000000000000014,0.75,1.0078534923526998,44.198560477058095,38.1514395229419,43.199999999999996,39.50212536618322,43.199999999999996
63,41.65,42.8,42.45,41.35,0,1.1000000000000014,0.25,0.8500000000000014,1.1000000000000014,1.0193718058086125,44.958115417425844,38.84188458257417,43.199999999999996,39.50212536618322,43.199999999999996
64,42.3,46.8,43.05,42.0,0,1.0499999999999972,0.25,0.7999999999999972,1.0499999999999972,1.0232003300825356,45.594600990247606,39.45539900975239,43.199999999999996,39.50212536618322,39.50212536618322
65,42.7,42.2,46.95,42.65,0,4.300000000000004,0.15000000000000568,4.149999999999999,4.300000000000004,1.4328002888222193,49.098400866466655,40.50159913353334,49.098400866466655,40.50159913353334,40.50159913353334
66,41.8,41.25,42.45,40.8,0,1.6500000000000057,0.25,1.4000000000000057,1.6500000000000057,1.4599502527194426,46.00485075815833,37.24514924184167,46.00485075815833,40.50159913353334,40.50159913353334
67,41.8,41.4,41.8,41.15,0,0.6499999999999986,0.5499999999999972,0.10000000000000142,0.6499999999999986,1.358706471129512,45.551119413388534,37.398880586611455,45.551119413388534,40.50159913353334,40.50159913353334
68,41.25,42.2,41.55,40.8,0,0.75,0.14999999999999858,0.6000000000000014,0.75,1.282618162238323,45.02285448671497,37.327145513285025,45.02285448671497,40.50159913353334,40.50159913353334
69,41.65,42.8,42.45,41.35,0,1.1000000000000014,0.25,0.8500000000000014,1.1000000000000014,1.2597908919585328,45.679372675875605,38.120627324124406,45.02285448671497,40.50159913353334,40.50159913353334
70,42.3,46.8,43.05,42.0,0,1.0499999999999972,0.25,0.7999999999999972,1.0499999999999972,1.2335670304637159,46.225701091391144,38.82429890860885,45.02285448671497,40.50159913353334,40.50159913353334
71,42.7,42.2,46.95,42.65,0,4.300000000000004,0.15000000000000568,4.149999999999999,4.300000000000004,1.616871151655752,49.65061345496726,39.94938654503274,49.65061345496726,40.50159913353334,40.50159913353334
72,41.8,41.25,42.45,40.8,0,1.6500000000000057,0.25,1.4000000000000057,1.6500000000000057,1.6210122576987835,46.488036773096354,36.761963226903646,46.488036773096354,40.50159913353334,40.50159913353334
73,41.8,41.4,41.8,41.15,0,0.6499999999999986,0.5499999999999972,0.10000000000000142,0.6499999999999986,1.4996357254864354,45.9739071764593,36.97609282354069,45.9739071764593,40.50159913353334,40.50159913353334
74,41.25,42.2,41.55,40.8,0,0.75,0.14999999999999858,0.6000000000000014,0.75,1.405931259800631,45.39279377940189,36.9572062205981,45.39279377940189,40.50159913353334,40.50159913353334
75,41.65,42.8,42.45,41.35,0,1.1000000000000014,0.25,0.8500000000000014,1.1000000000000014,1.3676898523255523,46.00306955697666,37.79693044302335,45.39279377940189,40.50159913353334,40.50159913353334
76,42.3,46.8,43.05,42.0,0,1.0499999999999972,0.25,0.7999999999999972,1.0499999999999972,1.3279786207848578,46.50893586235457,38.54106413764543,45.39279377940189,40.50159913353334,40.50159913353334
77,42.7,42.2,46.95,42.65,0,4.300000000000004,0.15000000000000568,4.149999999999999,4.300000000000004,1.6994812931867511,49.89844387956025,39.70155612043975,49.89844387956025,40.50159913353334,40.50159913353334
78,41.8,41.25,42.45,40.8,0,1.6500000000000057,0.25,1.4000000000000057,1.6500000000000057,1.6932961315384079,46.704888394615224,36.545111605384776,46.704888394615224,40.50159913353334,40.50159913353334
79,41.8,41.4,41.8,41.15,0,0.6499999999999986,0.5499999999999972,0.10000000000000142,0.6499999999999986,1.5628841150961068,46.16365234528831,36.786347654711676,46.16365234528831,40.50159913353334,40.50159913353334
80,41.25,42.2,41.55,40.8,0,0.75,0.14999999999999858,0.6000000000000014,0.75,1.4612736007090934,45.55882080212728,36.791179197872715,45.55882080212728,40.50159913353334,40.50159913353334
81,41.65,42.8,42.45,41.35,0,1.1000000000000014,0.25,0.8500000000000014,1.1000000000000014,1.416114400620457,46.14834320186138,37.65165679813863,45.55882080212728,40.50159913353334,40.50159913353334
82,42.3,46.8,43.05,42.0,0,1.0499999999999972,0.25,0.7999999999999972,1.0499999999999972,1.3703501005428995,46.6360503016287,38.4139496983713,45.55882080212728,40.50159913353334,40.50159913353334
83,42.7,42.2,46.95,42.65,0,4.300000000000004,0.15000000000000568,4.149999999999999,4.300000000000004,1.7365563379750375,50.00966901392511,39.59033098607488,50.00966901392511,40.50159913353334,40.50159913353334
84,41.8,41.25,42.45,40.8,0,1.6500000000000057,0.25,1.4000000000000057,1.6500000000000057,1.7257367957281584,46.80221038718447,36.44778961281553,46.80221038718447,40.50159913353334,40.50159913353334
85,41.8,41.4,41.8,41.15,0,0.6499999999999986,0.5499999999999972,0.10000000000000142,0.6499999999999986,1.5912696962621384,46.24880908878641,36.70119091121358,46.24880908878641,40.50159913353334,40.50159913353334
86,41.25,42.2,41.55,40.8,0,0.75,0.14999999999999858,0.6000000000000014,0.75,1.4861109842293712,45.63333295268811,36.71666704731189,45.63333295268811,40.50159913353334,40.50159913353334
87,41.65,42.8,42.45,41.35,0,1.1000000000000014,0.25,0.8500000000000014,1.1000000000000014,1.4378471112006999,46.21354133360211,37.5864586663979,45.63333295268811,40.50159913353334,40.50159913353334
88,42.3,46.8,43.05,42.0,0,1.0499999999999972,0.25,0.7999999999999972,1.0499999999999972,1.389366222300612,46.69309866690183,38.356901333098165,45.63333295268811,40.50159913353334,40.50159913353334
89,42.7,42.2,46.95,42.65,0,4.300000000000004,0.15000000000000568,4.149999999999999,4.300000000000004,1.753195444513036,50.0595863335391,39.54041366646089,50.0595863335391,40.50159913353334,40.50159913353334
90,41.8,47.5,42.45,40.8,0,1.6500000000000057,0.25,1.4000000000000057,1.6500000000000057,1.7402960139489072,46.84588804184672,36.40411195815328,46.84588804184672,40.50159913353334,40.50159913353334
91,42.3,41.25,48.0,42.0,0,6.0,0.5,5.5,6.0,2.272759012205294,51.81827703661588,38.18172296338412,51.81827703661588,40.50159913353334,40.50159913353334
92,41.8,41.4,41.8,41.15,0,0.6499999999999986,0.5499999999999972,0.10000000000000142,0.6499999999999986,2.069914135679632,47.68474240703889,35.2652575929611,47.68474240703889,40.50159913353334,40.50159913353334
93,41.25,42.2,41.55,40.8,0,0.75,0.14999999999999858,0.6000000000000014,0.75,1.9049248687196778,46.88977460615903,35.460225393840965,46.88977460615903,40.50159913353334,40.50159913353334
94,41.65,42.8,42.45,41.35,0,1.1000000000000014,0.25,0.8500000000000014,1.1000000000000014,1.8043092601297182,47.31292778038916,36.48707221961085,46.88977460615903,40.50159913353334,40.50159913353334
95,42.3,46.8,43.05,42.0,0,1.0499999999999972,0.25,0.7999999999999972,1.0499999999999972,1.710020602613503,47.65506180784051,37.394938192159486,46.88977460615903,40.50159913353334,40.50159913353334
96,42.7,47.5,46.95,42.65,0,4.300000000000004,0.15000000000000568,4.149999999999999,4.300000000000004,2.0337680272868157,50.901304081860445,38.69869591813955,46.88977460615903,40.50159913353334,40.50159913353334
97,46.05,42.2,48.0,45.85,0,2.1499999999999986,0.5,1.6499999999999986,2.1499999999999986,2.0482970238759637,53.069891071627886,40.78010892837211,53.069891071627886,40.78010892837211,40.78010892837211
98,41.8,47.5,42.45,40.8,0,1.6500000000000057,0.25,1.4000000000000057,1.6500000000000057,1.9985098958914689,47.620529687674406,35.629470312325594,47.620529687674406,40.78010892837211,40.78010892837211
99,42.3,41.25,48.0,42.0,0,6.0,0.5,5.5,6.0,2.498696158905035,52.4960884767151,37.5039115232849,47.620529687674406,40.78010892837211,40.78010892837211
100,41.8,41.4,41.8,41.15,0,0.6499999999999986,0.5499999999999972,0.10000000000000142,0.6499999999999986,2.2676091390419058,48.277827417125714,34.672172582874275,47.620529687674406,40.78010892837211,40.78010892837211
101,41.25,42.2,41.55,40.8,0,0.75,0.14999999999999858,0.6000000000000014,0.75,2.0779079966616676,47.408723989985,34.941276010014995,47.408723989985,40.78010892837211,40.78010892837211
102,41.65,42.8,42.45,41.35,0,1.1000000000000014,0.25,0.8500000000000014,1.1000000000000014,1.9556694970789592,47.76700849123688,36.03299150876313,47.408723989985,40.78010892837211,40.78010892837211
103,42.3,46.8,43.05,42.0,0,1.0499999999999972,0.25,0.7999999999999972,1.0499999999999972,1.842460809944089,48.052382429832264,36.99761757016773,47.408723989985,40.78010892837211,40.78010892837211
104,42.7,47.5,46.95,42.65,0,4.300000000000004,0.15000000000000568,4.149999999999999,4.300000000000004,2.1496532087010785,51.24895962610323,38.351040373896765,47.408723989985,40.78010892837211,40.78010892837211
105,46.05,42.2,48.0,45.85,0,2.1499999999999986,0.5,1.6499999999999986,2.1499999999999986,2.1496965576134435,53.37408967284033,40.47591032715967,53.37408967284033,40.78010892837211,40.78010892837211
106,41.8,47.5,42.45,40.8,0,1.6500000000000057,0.25,1.4000000000000057,1.6500000000000057,2.087234487911764,47.886703463735294,35.363296536264706,47.886703463735294,40.78010892837211,40.78010892837211
107,42.3,41.25,48.0,42.0,0,6.0,0.5,5.5,6.0,2.5763301769227933,52.72899053076838,37.27100946923162,47.886703463735294,40.78010892837211,40.78010892837211
108,41.8,41.4,41.8,41.15,0,0.6499999999999986,0.5499999999999972,0.10000000000000142,0.6499999999999986,2.3355389048074437,48.48161671442232,34.468383285577666,47.886703463735294,40.78010892837211,40.78010892837211
109,41.25,42.2,41.55,40.8,0,0.75,0.14999999999999858,0.6000000000000014,0.75,2.1373465417065134,47.58703962511954,34.76296037488046,47.58703962511954,40.78010892837211,40.78010892837211
110,41.65,42.8,42.45,41.35,0,1.1000000000000014,0.25,0.8500000000000014,1.1000000000000014,2.0076782239931994,47.92303467197961,35.876965328020404,47.58703962511954,40.78010892837211,40.78010892837211
111,42.3,46.8,43.05,42.0,0,1.0499999999999972,0.25,0.7999999999999972,1.0499999999999972,1.8879684459940491,48.18890533798215,36.86109466201785,47.58703962511954,40.78010892837211,40.78010892837211
112,42.7,47.5,46.95,42.65,0,4.300000000000004,0.15000000000000568,4.149999999999999,4.300000000000004,2.1894723902447932,51.368417170734375,38.23158282926562,47.58703962511954,40.78010892837211,40.78010892837211
113,46.05,42.2,48.0,45.85,0,2.1499999999999986,0.5,1.6499999999999986,2.1499999999999986,2.1845383414641937,53.47861502439258,40.37138497560741,47.58703962511954,40.78010892837211,40.78010892837211
114,41.8,47.5,42.45,40.8,0,1.6500000000000057,0.25,1.4000000000000057,1.6500000000000057,2.11772104878117,47.97816314634351,35.27183685365649,47.58703962511954,40.78010892837211,40.78010892837211
115,42.3,41.25,48.0,42.0,0,6.0,0.5,5.5,6.0,2.603005917683524,52.80901775305057,37.19098224694943,47.58703962511954,40.78010892837211,40.78010892837211
116,41.8,41.4,41.8,41.15,0,0.6499999999999986,0.5499999999999972,0.10000000000000142,0.6499999999999986,2.358880177973083,48.55164053391924,34.39835946608075,47.58703962511954,40.78010892837211,40.78010892837211
117,41.25,42.2,41.55,40.8,0,0.75,0.14999999999999858,0.6000000000000014,0.75,2.1577701557264475,47.64831046717934,34.70168953282065,47.58703962511954,40.78010892837211,40.78010892837211
118,41.65,42.8,42.45,41.35,0,1.1000000000000014,0.25,0.8500000000000014,1.1000000000000014,2.0255488862606414,47.97664665878193,35.82335334121808,47.58703962511954,40.78010892837211,40.78010892837211
119,42.3,46.8,43.05,42.0,0,1.0499999999999972,0.25,0.7999999999999972,1.0499999999999972,1.903605275478061,48.235815826434184,36.81418417356581,47.58703962511954,40.78010892837211,40.78010892837211
120,42.7,47.5,46.95,42.65,0,4.300000000000004,0.15000000000000568,4.149999999999999,4.300000000000004,2.203154616043304,51.40946384812991,38.190536151870084,47.58703962511954,40.78010892837211,40.78010892837211
121,46.05,42.2,48.0,45.85,0,2.1499999999999986,0.5,1.6499999999999986,2.1499999999999986,2.196510289037891,53.51453086711367,40.335469132886324,47.58703962511954,40.78010892837211,40.78010892837211
122,41.8,47.5,42.45,40.8,0,1.6500000000000057,0.25,1.4000000000000057,1.6500000000000057,2.128196502908155,48.00958950872447,35.24041049127553,47.58703962511954,40.78010892837211,40.78010892837211
123,42.3,41.25,48.0,42.0,0,6.0,0.5,5.5,6.0,2.612171940044636,52.83651582013391,37.16348417986609,47.58703962511954,40.78010892837211,40.78010892837211
124,41.8,41.4,41.8,41.15,0,0.6499999999999986,0.5499999999999972,0.10000000000000142,0.6499999999999986,2.3669004475390563,48.575701342617165,34.37429865738282,47.58703962511954,40.78010892837211,40.78010892837211
125,41.25,42.2,41.55,40.8,0,0.75,0.14999999999999858,0.6000000000000014,0.75,2.1647878915966743,47.66936367479002,34.680636325209974,47.58703962511954,40.78010892837211,40.78010892837211
126,41.65,42.8,42.45,41.35,0,1.1000000000000014,0.25,0.8500000000000014,1.1000000000000014,2.03168940514709,47.99506821544128,35.80493178455873,47.58703962511954,40.78010892837211,40.78010892837211
127,42.3,46.8,43.05,42.0,0,1.0499999999999972,0.25,0.7999999999999972,1.0499999999999972,1.9089782295037034,48.251934688511106,36.79806531148889,47.58703962511954,40.78010892837211,40.78010892837211
128,42.7,47.5,46.95,42.65,0,4.300000000000004,0.15000000000000568,4.149999999999999,4.300000000000004,2.207855950815741,51.42356785244722,38.176432147552774,47.58703962511954,40.78010892837211,40.78010892837211
129,46.05,42.2,48.0,45.85,0,2.1499999999999986,0.5,1.6499999999999986,2.1499999999999986,2.2006239569637733,53.52687187089132,40.323128129108675,47.58703962511954,40.78010892837211,40.78010892837211
130,41.8,47.5,42.45,40.8,0,1.6500000000000057,0.25,1.4000000000000057,1.6500000000000057,2.1317959623433023,48.020387887029905,35.229612112970095,47.58703962511954,40.78010892837211,40.78010892837211
131,42.3,41.25,48.0,42.0,0,6.0,0.5,5.5,6.0,2.6153214670503893,52.845964401151164,37.154035598848836,47.58703962511954,40.78010892837211,40.78010892837211
132,41.8,41.4,41.8,41.15,0,0.6499999999999986,0.5499999999999972,0.10000000000000142,0.6499999999999986,2.3696562836690904,48.58396885100726,34.366031148992725,47.58703962511954,40.78010892837211,40.78010892837211
133,41.25,42.2,41.55,40.8,0,0.75,0.14999999999999858,0.6000000000000014,0.75,2.167199248210454,47.67659774463136,34.673402255368636,47.58703962511954,40.78010892837211,40.78010892837211
134,41.65,42.8,42.45,41.35,0,1.1000000000000014,0.25,0.8500000000000014,1.1000000000000014,2.0337993421841474,48.00139802655245,35.79860197344756,47.58703962511954,40.78010892837211,40.78010892837211
135,42.3,46.8,43.05,42.0,0,1.0499999999999972,0.25,0.7999999999999972,1.0499999999999972,1.9108244244111285,48.25747327323339,36.79252672676661,47.58703962511954,40.78010892837211,40.78010892837211
136,42.7,47.5,46.95,42.65,0,4.300000000000004,0.15000000000000568,4.149999999999999,4.300000000000004,2.2094713713597383,51.42841411407921,38.171585885920784,47.58703962511954,40.78010892837211,40.78010892837211
137,46.05,47.85,48.0,45.85,0,2.1499999999999986,0.5,1.6499999999999986,2.1499999999999986,2.2020374499397706,53.53111234981931,40.318887650180685,47.58703962511954,40.78010892837211,40.78010892837211
138,47.9,42.2,48.4,47.4,0,1.0,0.5499999999999972,0.45000000000000284,1.0,2.0517827686972994,54.0553483060919,41.7446516939081,54.0553483060919,41.7446516939081,41.7446516939081
139,41.8,47.5,42.45,40.8,0,1.6500000000000057,0.25,1.4000000000000057,1.6500000000000057,2.001559922610138,47.62967976783041,35.62032023216959,47.62967976783041,41.7446516939081,41.7446516939081
140,42.3,41.25,48.0,42.0,0,6.0,0.5,5.5,6.0,2.5013649322838707,52.50409479685161,37.49590520314839,47.62967976783041,41.7446516939081,47.62967976783041
141,41.8,41.4,41.8,41.15,0,0.6499999999999986,0.5499999999999972,0.10000000000000142,0.6499999999999986,2.2699443157483867,48.28483294724516,34.66516705275483,47.62967976783041,34.66516705275483,47.62967976783041
142,41.25,42.2,41.55,40.8,0,0.75,0.14999999999999858,0.6000000000000014,0.75,2.0799512762798384,47.41485382883951,34.93514617116048,47.41485382883951,34.93514617116048,47.41485382883951
143,41.65,42.8,42.45,41.35,0,1.1000000000000014,0.25,0.8500000000000014,1.1000000000000014,1.9574573667448587,47.772372100234584,36.02762789976543,47.41485382883951,36.02762789976543,47.41485382883951
144,42.3,46.8,43.05,42.0,0,1.0499999999999972,0.25,0.7999999999999972,1.0499999999999972,1.844025195901751,48.05707558770525,36.99292441229475,47.41485382883951,36.99292441229475,47.41485382883951
145,42.7,47.5,46.95,42.65,0,4.300000000000004,0.15000000000000568,4.149999999999999,4.300000000000004,2.151022046414033,51.253066139242094,38.3469338607579,47.41485382883951,38.3469338607579,38.3469338607579
146,46.05,47.85,48.0,45.85,0,2.1499999999999986,0.5,1.6499999999999986,2.1499999999999986,2.1508942906122783,53.37768287183683,40.47231712816316,53.37768287183683,40.47231712816316,40.47231712816316
147,47.9,42.2,48.4,47.4,0,1.0,0.5499999999999972,0.45000000000000284,1.0,2.0070325042857435,53.92109751285723,41.87890248714277,53.37768287183683,41.87890248714277,41.87890248714277
148,41.8,47.5,42.45,40.8,0,1.6500000000000057,0.25,1.4000000000000057,1.6500000000000057,1.9624034412500264,47.51221032375008,35.73778967624992,47.51221032375008,41.87890248714277,41.87890248714277
149,42.3,41.25,48.0,42.0,0,6.0,0.5,5.5,6.0,2.467103011093773,52.40130903328132,37.59869096671868,47.51221032375008,41.87890248714277,47.51221032375008
150,41.8,41.4,41.8,41.15,0,0.6499999999999986,0.5499999999999972,0.10000000000000142,0.6499999999999986,2.239965134707051,48.19489540412115,34.75510459587884,47.51221032375008,34.75510459587884,47.51221032375008
151,41.25,42.2,41.55,40.8,0,0.75,0.14999999999999858,0.6000000000000014,0.75,2.0537194928686695,47.33615847860601,35.013841521393985,47.33615847860601,35.013841521393985,47.33615847860601
152,41.65,42.8,42.45,41.35,0,1.1000000000000014,0.25,0.8500000000000014,1.1000000000000014,1.934504556260086,47.70351366878026,36.09648633121975,47.33615847860601,36.09648633121975,47.33615847860601
153,42.3,46.8,43.05,42.0,0,1.0499999999999972,0.25,0.7999999999999972,1.0499999999999972,1.823941486727575,47.99682446018272,37.053175539817275,47.33615847860601,37.053175539817275,47.33615847860601
154,42.7,47.5,46.95,42.65,0,4.300000000000004,0.15000000000000568,4.149999999999999,4.300000000000004,2.1334488008866286,51.20034640265988,38.39965359734011,47.33615847860601,38.39965359734011,38.39965359734011
155,46.05,47.85,48.0,45.85,0,2.1499999999999986,0.5,1.6499999999999986,2.1499999999999986,2.1355177007757997,53.3315531023274,40.5184468976726,53.3315531023274,40.5184468976726,40.5184468976726
156,47.9,42.2,48.4,47.4,0,1.0,0.5499999999999972,0.45000000000000284,1.0,1.9935779881788247,53.880733964536475,41.91926603546352,53.3315531023274,41.91926603546352,41.91926603546352
157,41.8,47.5,42.45,40.8,0,1.6500000000000057,0.25,1.4000000000000057,1.6500000000000057,1.9506307396564724,47.47689221896942,35.77310778103058,47.47689221896942,41.91926603546352,41.91926603546352
158,42.3,41.25,48.0,42.0,0,6.0,0.5,5.5,6.0,2.4568018971994134,52.370405691598236,37.629594308401764,52.370405691598236,41.91926603546352,52.370405691598236
159,41.8,41.4,41.8,41.15,0,0.6499999999999986,0.5499999999999972,0.10000000000000142,0.6499999999999986,2.2309516600494868,48.167854980148455,34.782145019851534,48.167854980148455,34.782145019851534,48.167854980148455
160,41.25,42.2,41.55,40.8,0,0.75,0.14999999999999858,0.6000000000000014,0.75,2.0458327025433007,47.3124981076299,35.037501892370095,47.3124981076299,35.037501892370095,47.3124981076299
161,41.65,42.8,42.45,41.35,0,1.1000000000000014,0.25,0.8500000000000014,1.1000000000000014,1.9276036147253883,47.682810844176174,36.11718915582384,47.3124981076299,36.11718915582384,47.3124981076299
162,42.3,46.8,43.05,42.0,0,1.0499999999999972,0.25,0.7999999999999972,1.0499999999999972,1.8179031628847144,47.97870948865414,37.07129051134586,47.3124981076299,37.07129051134586,47.3124981076299
163,42.7,47.5,46.95,42.65,0,4.300000000000004,0.15000000000000568,4.149999999999999,4.300000000000004,2.1281652675241256,51.18449580257237,38.41550419742762,47.3124981076299,38.41550419742762,38.41550419742762
164,46.05,47.85,48.0,45.85,0,2.1499999999999986,0.5,1.6499999999999986,2.1499999999999986,2.13089460908361,53.317683827250825,40.53231617274917,53.317683827250825,40.53231617274917,40.53231617274917
165,47.9,42.2,48.4,47.4,0,1.0,0.5499999999999972,0.45000000000000284,1.0,1.9895327829481586,53.86859834884447,41.931401651155525,53.317683827250825,41.931401651155525,41.931401651155525
166,41.8,47.5,42.45,40.8,0,1.6500000000000057,0.25,1.4000000000000057,1.6500000000000057,1.9470911850796395,47.46627355523892,35.78372644476108,47.46627355523892,41.931401651155525,41.931401651155525
167,42.3,41.25,48.0,42.0,0,6.0,0.5,5.5,6.0,2.4537047869446846,52.36111436083405,37.63888563916595,52.36111436083405,41.931401651155525,52.36111436083405
168,41.8,41.4,41.8,41.15,0,0.6499999999999986,0.5499999999999972,0.10000000000000142,0.6499999999999986,2.228241688576599,48.15972506572979,34.7902749342702,48.15972506572979,34.7902749342702,48.15972506572979
169,41.25,42.2,41.55,40.8,0,0.75,0.14999999999999858,0.6000000000000014,0.75,2.043461477504524,47.30538443251357,35.044615567486424,47.30538443251357,35.044615567486424,47.30538443251357
170,41.65,42.8,42.45,41.35,0,1.1000000000000014,0.25,0.8500000000000014,1.1000000000000014,1.9255287928164588,47.676586378449386,36.123413621550625,47.30538443251357,36.123413621550625,47.30538443251357
171,42.3,46.8,43.05,42.0,0,1.0499999999999972,0.25,0.7999999999999972,1.0499999999999972,1.816087693714401,47.9732630811432,37.076736918856795,47.30538443251357,37.076736918856795,47.30538443251357
172,42.7,47.5,46.95,42.65,0,4.300000000000004,0.15000000000000568,4.149999999999999,4.300000000000004,2.1265767320001014,51.1797301960003,38.420269803999695,47.30538443251357,38.420269803999695,38.420269803999695
173,46.05,47.85,48.0,45.85,0,2.1499999999999986,0.5,1.6499999999999986,2.1499999999999986,2.1295046405000884,53.31351392150026,40.536486078499735,53.31351392150026,40.536486078499735,40.536486078499735
174,47.9,42.2,48.4,47.4,0,1.0,0.5499999999999972,0.45000000000000284,1.0,1.9883165604375774,53.86494968131273,41.93505031868727,53.31351392150026,41.93505031868727,41.93505031868727
175,41.8,47.5,42.45,40.8,0,1.6500000000000057,0.25,1.4000000000000057,1.6500000000000057,1.9460269903828809,47.46308097114864,35.78691902885136,47.46308097114864,41.93505031868727,41.93505031868727
176,42.3,41.25,48.0,42.0,0,6.0,0.5,5.5,6.0,2.452773616585021,52.35832084975506,37.64167915024494,52.35832084975506,41.93505031868727,52.35832084975506
177,41.8,41.4,41.8,41.15,0,0.6499999999999986,0.5499999999999972,0.10000000000000142,0.6499999999999986,2.2274269145118932,48.15728074353567,34.792719256464316,48.15728074353567,34.792719256464316,48.15728074353567
178,41.25,42.2,41.55,40.8,0,0.75,0.14999999999999858,0.6000000000000014,0.75,2.0427485501979064,47.303245650593716,35.04675434940628,47.303245650593716,35.04675434940628,47.303245650593716
179,41.65,42.8,42.45,41.35,0,1.1000000000000014,0.25,0.8500000000000014,1.1000000000000014,1.9249049814231682,47.67471494426951,36.1252850557305,47.303245650593716,36.1252850557305,47.303245650593716
180,42.3,46.8,43.05,42.0,0,1.0499999999999972,0.25,0.7999999999999972,1.0499999999999972,1.8155418587452719,47.971625576235816,37.07837442376418,47.303245650593716,37.07837442376418,47.303245650593716
181,42.7,47.5,46.95,42.65,0,4.300000000000004,0.15000000000000568,4.149999999999999,4.300000000000004,2.1260991264021136,51.17829737920634,38.42170262079365,47.303245650593716,38.42170262079365,38.42170262079365
182,46.05,47.85,48.0,45.85,0,2.1499999999999986,0.5,1.6499999999999986,2.1499999999999986,2.1290867356018492,53.31226020680555,40.53773979319445,53.31226020680555,40.53773979319445,40.53773979319445
183,47.9,41.7,48.4,47.4,0,1.0,0.5499999999999972,0.45000000000000284,1.0,1.9879508936516181,53.86385268095485,41.93614731904515,53.31226020680555,41.93614731904515,53.31226020680555
184,48.0,42.2,48.25,41.35,0,6.899999999999999,6.549999999999997,0.3500000000000014,6.899999999999999,2.6019570319451657,52.6058710958355,36.9941289041645,52.6058710958355,36.9941289041645,52.6058710958355
185,41.8,47.5,42.45,40.8,0,1.6500000000000057,0.25,1.4000000000000057,1.6500000000000057,2.4829624029520208,49.073887208856064,34.176112791143936,49.073887208856064,36.9941289041645,49.073887208856064
186,42.3,41.25,48.0,42.0,0,6.0,0.5,5.5,6.0,2.9225921025830184,53.76777630774906,36.23222369225094,49.073887208856064,36.9941289041645,49.073887208856064
187,41.8,41.4,41.8,41.15,0,0.6499999999999986,0.5499999999999972,0.10000000000000142,0.6499999999999986,2.638518089760141,49.390554269280415,33.559445730719574,49.073887208856064,36.9941289041645,49.073887208856064
188,41.25,42.2,41.55,40.8,0,0.75,0.14999999999999858,0.6000000000000014,0.75,2.4024533285401235,48.38235998562037,33.967640014379626,48.38235998562037,36.9941289041645,48.38235998562037
189,41.65,42.8,42.45,41.35,0,1.1000000000000014,0.25,0.8500000000000014,1.1000000000000014,2.2396466624726084,48.61893998741783,35.18106001258218,48.38235998562037,36.9941289041645,48.38235998562037
190,42.3,46.8,43.05,42.0,0,1.0499999999999972,0.25,0.7999999999999972,1.0499999999999972,2.090940829663532,48.79782248899059,36.25217751100941,48.38235998562037,36.9941289041645,48.38235998562037
191,42.7,47.5,46.95,42.65,0,4.300000000000004,0.15000000000000568,4.149999999999999,4.300000000000004,2.3670732259555907,51.90121967786677,37.698780322133224,48.38235998562037,37.698780322133224,48.38235998562037
192,46.05,47.85,48.0,45.85,0,2.1499999999999986,0.5,1.6499999999999986,2.1499999999999986,2.3399390727111418,53.94481721813342,39.90518278186657,48.38235998562037,39.90518278186657,48.38235998562037
193,47.9,41.7,48.4,47.4,0,1.0,0.5499999999999972,0.45000000000000284,1.0,2.172446688622249,54.417340065866746,41.38265993413325,48.38235998562037,41.38265993413325,48.38235998562037
194,48.0,42.2,48.25,41.35,0,6.899999999999999,6.549999999999997,0.3500000000000014,6.899999999999999,2.7633908525444677,53.0901725576334,36.50982744236659,48.38235998562037,41.38265993413325,48.38235998562037
195,41.8,47.5,42.45,40.8,0,1.6500000000000057,0.25,1.4000000000000057,1.6500000000000057,2.62421699597641,49.497650987929234,33.752349012070766,48.38235998562037,41.38265993413325,48.38235998562037
196,42.3,41.25,48.0,42.0,0,6.0,0.5,5.5,6.0,3.0461898714793585,54.138569614438076,35.861430385561924,48.38235998562037,41.38265993413325,48.38235998562037
197,41.8,41.4,41.8,41.15,0,0.6499999999999986,0.5499999999999972,0.10000000000000142,0.6499999999999986,2.7466661375444383,49.71499841263331,33.23500158736668,48.38235998562037,33.23500158736668,48.38235998562037
198,41.25,42.2,41.55,40.8,0,0.75,0.14999999999999858,0.6000000000000014,0.75,2.4970828703513837,48.66624861105415,33.68375138894584,48.38235998562037,33.68375138894584,48.38235998562037
199,41.65,42.8,42.45,41.35,0,1.1000000000000014,0.25,0.8500000000000014,1.1000000000000014,2.3224475115574608,48.86734253467239,34.93265746532762,48.38235998562037,34.93265746532762,48.38235998562037
200,42.3,46.8,43.05,42.0,0,1.0499999999999972,0.25,0.7999999999999972,1.0499999999999972,2.163391572612778,49.015174717838335,36.03482528216166,48.38235998562037,36.03482528216166,48.38235998562037
201,42.7,47.5,46.95,42.65,0,4.300000000000004,0.15000000000000568,4.149999999999999,4.300000000000004,2.4304676260361813,52.09140287810854,37.508597121891455,48.38235998562037,37.508597121891455,48.38235998562037
202,46.05,47.85,48.0,45.85,0,2.1499999999999986,0.5,1.6499999999999986,2.1499999999999986,2.395409172781658,54.111227518344975,39.73877248165502,48.38235998562037,39.73877248165502,48.38235998562037
203,47.9,41.7,48.4,47.4,0,1.0,0.5499999999999972,0.45000000000000284,1.0,2.220983026183951,54.56294907855185,41.237050921448144,48.38235998562037,41.237050921448144,48.38235998562037
204,48.0,42.2,48.25,41.35,0,6.899999999999999,6.549999999999997,0.3500000000000014,6.899999999999999,2.805860147910957,53.21758044373287,36.38241955626712,48.38235998562037,41.237050921448144,48.38235998562037
205,41.8,47.5,42.45,40.8,0,1.6500000000000057,0.25,1.4000000000000057,1.6500000000000057,2.661377629422088,49.60913288826627,33.64086711173373,48.38235998562037,41.237050921448144,48.38235998562037
206,42.3,41.25,48.0,42.0,0,6.0,0.5,5.5,6.0,3.078705425744327,54.23611627723298,35.76388372276702,48.38235998562037,41.237050921448144,48.38235998562037
207,41.8,41.4,41.8,41.15,0,0.6499999999999986,0.5499999999999972,0.10000000000000142,0.6499999999999986,2.775117247526286,49.800351742578854,33.149648257421134,48.38235998562037,41.237050921448144,48.38235998562037
208,41.25,42.2,41.55,40.8,0,0.75,0.14999999999999858,0.6000000000000014,0.75,2.5219775915855003,48.7409327747565,33.60906722524349,48.38235998562037,41.237050921448144,48.38235998562037
209,41.65,42.8,42.45,41.35,0,1.1000000000000014,0.25,0.8500000000000014,1.1000000000000014,2.344230392637313,48.93269117791195,34.86730882208806,48.38235998562037,41.237050921448144,48.38235998562037
210,42.3,46.8,43.05,42.0,0,1.0499999999999972,0.25,0.7999999999999972,1.0499999999999972,2.1824515935576483,49.072354780672946,35.97764521932705,48.38235998562037,41.237050921448144,48.38235998562037
211,42.7,47.5,46.95,42.65,0,4.300000000000004,0.15000000000000568,4.149999999999999,4.300000000000004,2.447145144362943,52.14143543308882,37.45856456691117,48.38235998562037,41.237050921448144,48.38235998562037
212,46.05,47.85,48.0,45.85,0,2.1499999999999986,0.5,1.6499999999999986,2.1499999999999986,2.410002001317575,54.15500600395272,39.69499399604727,48.38235998562037,41.237050921448144,48.38235998562037
213,47.9,41.7,48.4,47.4,0,1.0,0.5499999999999972,0.45000000000000284,1.0,2.233751751152878,54.60125525345863,41.198744746541365,48.38235998562037,41.237050921448144,48.38235998562037
214,48.0,42.2,48.25,41.35,0,6.899999999999999,6.549999999999997,0.3500000000000014,6.899999999999999,2.817032782258768,53.2510983467763,36.34890165322369,48.38235998562037,41.237050921448144,48.38235998562037
215,41.8,47.5,42.45,40.8,0,1.6500000000000057,0.25,1.4000000000000057,1.6500000000000057,2.671153684476423,49.63846105342927,33.61153894657073,48.38235998562037,41.237050921448144,48.38235998562037
216,42.3,41.25,48.0,42.0,0,6.0,0.5,5.5,6.0,3.08725947391687,54.26177842175061,35.73822157824939,48.38235998562037,41.237050921448144,48.38235998562037
217,41.8,41.4,41.8,41.15,0,0.6499999999999986,0.5499999999999972,0.10000000000000142,0.6499999999999986,2.7826020396772613,49.82280611903178,33.12719388096821,48.38235998562037,41.237050921448144,48.38235998562037
218,41.25,42.2,41.55,40.8,0,0.75,0.14999999999999858,0.6000000000000014,0.75,2.5285267847176036,48.76058035415281,33.58941964584719,48.38235998562037,41.237050921448144,48.38235998562037
219,41.65,42.8,42.45,41.35,0,1.1000000000000014,0.25,0.8500000000000014,1.1000000000000014,2.3499609366279035,48.94988280988372,34.85011719011629,48.38235998562037,41.237050921448144,48.38235998562037
220,42.3,46.8,43.05,42.0,0,1.0499999999999972,0.25,0.7999999999999972,1.0499999999999972,2.1874658195494154,49.08739745864825,35.96260254135175,48.38235998562037,41.237050921448144,48.38235998562037
221,42.7,47.5,46.95,42.65,0,4.300000000000004,0.15000000000000568,4.149999999999999,4.300000000000004,2.451532592105739,52.15459777631722,37.44540222368278,48.38235998562037,41.237050921448144,48.38235998562037
222,46.05,47.85,48.0,45.85,0,2.1499999999999986,0.5,1.6499999999999986,2.1499999999999986,2.4138410180925214,54.16652305427756,39.68347694572243,48.38235998562037,41.237050921448144,48.38235998562037
223,47.9,41.7,48.4,47.4,0,1.0,0.5499999999999972,0.45000000000000284,1.0,2.237110890830956,54.611332672492864,41.18866732750713,48.38235998562037,41.237050921448144,48.38235998562037
224,48.0,42.2,48.25,41.35,0,6.899999999999999,6.549999999999997,0.3500000000000014,6.899999999999999,2.8199720294770865,53.259916088431254,36.34008391156874,48.38235998562037,41.237050921448144,48.38235998562037
225,41.8,47.5,42.45,40.8,0,1.6500000000000057,0.25,1.4000000000000057,1.6500000000000057,2.6737255257924515,49.646176577377354,33.603823422622646,48.38235998562037,41.237050921448144,48.38235998562037
226,42.3,41.15,48.0,42.0,0,6.0,0.5,5.5,6.0,3.089509835068395,54.26852950520519,35.73147049479481,48.38235998562037,41.237050921448144,48.38235998562037
227,47.9,41.25,48.4,41.25,0,7.149999999999999,7.25,0.10000000000000142,7.25,3.6095711056848456,55.65371331705454,33.99628668294547,48.38235998562037,33.99628668294547,48.38235998562037
228,41.8,41.4,41.8,41.15,0,0.6499999999999986,0.5499999999999972,0.10000000000000142,0.6499999999999986,3.2396247174742396,51.193874152422715,31.756125847577273,48.38235998562037,33.99628668294547,48.38235998562037
229,41.25,42.2,41.55,40.8,0,0.75,0.14999999999999858,0.6000000000000014,0.75,2.9284216277899597,49.960264883369874,32.38973511663012,48.38235998562037,33.99628668294547,48.38235998562037
230,41.65,42.8,42.45,41.35,0,1.1000000000000014,0.25,0.8500000000000014,1.1000000000000014,2.699868924316215,49.99960677294865,33.80039322705136,48.38235998562037,33.99628668294547,48.38235998562037
231,42.3,46.8,43.05,42.0,0,1.0499999999999972,0.25,0.7999999999999972,1.0499999999999972,2.493635308776688,50.005905926330065,35.04409407366993,48.38235998562037,35.04409407366993,48.38235998562037
232,42.7,47.5,46.95,42.65,0,4.300000000000004,0.15000000000000568,4.149999999999999,4.300000000000004,2.7194308951796025,52.95829268553881,36.641707314461186,48.38235998562037,36.641707314461186,48.38235998562037
233,46.05,47.85,48.0,45.85,0,2.1499999999999986,0.5,1.6499999999999986,2.1499999999999986,2.648252033282152,54.869756099846455,38.98024390015354,48.38235998562037,38.98024390015354,48.38235998562037
234,47.9,41.7,48.4,47.4,0,1.0,0.5499999999999972,0.45000000000000284,1.0,2.442220529121883,55.22666158736565,40.57333841263435,48.38235998562037,40.57333841263435,48.38235998562037
235,48.0,41.15,48.25,41.35,0,6.899999999999999,6.549999999999997,0.3500000000000014,6.899999999999999,2.9994429629816475,53.79832888894494,35.80167111105506,48.38235998562037,40.57333841263435,48.38235998562037
236,41.8,42.2,41.85,41.25,0,0.6000000000000014,0.7000000000000028,0.10000000000000142,0.7000000000000028,2.712012592608942,49.686037777826826,33.41396222217317,48.38235998562037,40.57333841263435,48.38235998562037
237,41.8,47.5,42.45,40.8,0,1.6500000000000057,0.25,1.4000000000000057,1.6500000000000057,2.579261018532825,49.36278305559848,33.88721694440152,48.38235998562037,40.57333841263435,48.38235998562037
238,42.3,41.15,48.0,42.0,0,6.0,0.5,5.5,6.0,3.0068533912162216,54.02056017364866,35.97943982635134,48.38235998562037,40.57333841263435,48.38235998562037
239,47.9,41.25,48.4,41.25,0,7.149999999999999,7.25,0.10000000000000142,7.25,3.537246717314194,55.43674015194259,34.21325984805742,48.38235998562037,40.57333841263435,48.38235998562037
240,41.8,41.4,41.8,41.15,0,0.6499999999999986,0.5499999999999972,0.10000000000000142,0.6499999999999986,3.1763408776499196,51.004022632949756,31.945977367050236,48.38235998562037,40.57333841263435,48.38235998562037
241,41.25,42.2,41.55,40.8,0,0.75,0.14999999999999858,0.6000000000000014,0.75,2.8730482679436795,49.79414480383103,32.55585519616896,48.38235998562037,40.57333841263435,48.38235998562037
242,41.65,42.8,42.45,41.35,0,1.1000000000000014,0.25,0.8500000000000014,1.1000000000000014,2.6514172344507196,49.85425170335216,33.94574829664785,48.38235998562037,40.57333841263435,48.38235998562037
243,42.3,46.8,43.05,42.0,0,1.0499999999999972,0.25,0.7999999999999972,1.0499999999999972,2.4512400801443794,49.87872024043314,35.17127975956686,48.38235998562037,40.57333841263435,48.38235998562037
244,42.7,47.5,46.95,42.65,0,4.300000000000004,0.15000000000000568,4.149999999999999,4.300000000000004,2.6823350701263324,52.847005210378995,36.752994789621,48.38235998562037,40.57333841263435,48.38235998562037
245,46.05,47.85,48.0,45.85,0,2.1499999999999986,0.5,1.6499999999999986,2.1499999999999986,2.615793186360541,54.77237955908162,39.07762044091837,48.38235998562037,40.57333841263435,48.38235998562037
246,47.9,41.7,48.4,47.4,0,1.0,0.5499999999999972,0.45000000000000284,1.0,2.413819038065473,55.14145711419642,40.65854288580358,48.38235998562037,40.65854288580358,48.38235998562037
247,48.0,41.15,48.25,41.35,0,6.899999999999999,6.549999999999997,0.3500000000000014,6.899999999999999,2.974591658307289,53.72377497492187,35.87622502507813,48.38235998562037,40.65854288580358,48.38235998562037
248,41.8,42.2,41.85,41.25,0,0.6000000000000014,0.7000000000000028,0.10000000000000142,0.7000000000000028,2.690267701018878,49.62080310305663,33.479196896943364,48.38235998562037,40.65854288580358,48.38235998562037
249,41.8,47.5,42.45,40.8,0,1.6500000000000057,0.25,1.4000000000000057,1.6500000000000057,2.560234238391519,49.305702715174554,33.944297284825446,48.38235998562037,40.65854288580358,48.38235998562037
250,42.3,41.15,48.0,42.0,0,6.0,0.5,5.5,6.0,2.990204958592579,53.97061487577774,36.02938512422226,48.38235998562037,40.65854288580358,48.38235998562037
251,47.9,41.25,48.4,41.25,0,7.149999999999999,7.25,0.10000000000000142,7.25,3.5226793387685067,55.393038016305525,34.25696198369448,48.38235998562037,40.65854288580358,48.38235998562037
252,41.8,41.4,41.8,41.15,0,0.6499999999999986,0.5499999999999972,0.10000000000000142,0.6499999999999986,3.1635944214224434,50.96578326426732,31.984216735732666,48.38235998562037,40.65854288580358,48.38235998562037
253,41.25,42.2,41.55,40.8,0,0.75,0.14999999999999858,0.6000000000000014,0.75,2.8618951187446378,49.76068535623391,32.58931464376609,48.38235998562037,40.65854288580358,48.38235998562037
254,41.65,42.8,42.45,41.35,0,1.1000000000000014,0.25,0.8500000000000014,1.1000000000000014,2.641658228901558,49.82497468670468,33.97502531329533,48.38235998562037,40.65854288580358,48.38235998562037
255,42.3,46.8,43.05,42.0,0,1.0499999999999972,0.25,0.7999999999999972,1.0499999999999972,2.442700950288863,49.85310285086659,35.196897149133406,48.38235998562037,40.65854288580358,48.38235998562037
256,42.7,47.5,46.95,42.65,0,4.300000000000004,0.15000000000000568,4.149999999999999,4.300000000000004,2.6748633315027557,52.824589994508266,36.77541000549173,48.38235998562037,40.65854288580358,48.38235998562037
257,46.05,47.85,48.0,45.85,0,2.1499999999999986,0.5,1.6499999999999986,2.1499999999999986,2.609255415064911,54.75276624519473,39.097233754805266,48.38235998562037,40.65854288580358,48.38235998562037
258,47.9,41.7,48.4,47.4,0,1.0,0.5499999999999972,0.45000000000000284,1.0,2.408098488181797,55.12429546454539,40.67570453545461,48.38235998562037,40.67570453545461,48.38235998562037
259,48.0,41.15,48.25,41.35,0,6.899999999999999,6.549999999999997,0.3500000000000014,6.899999999999999,2.9695861771590724,53.708758531477216,35.89124146852278,48.38235998562037,40.67570453545461,48.38235998562037
260,41.8,42.2,41.85,41.25,0,0.6000000000000014,0.7000000000000028,0.10000000000000142,0.7000000000000028,2.6858879050141886,49.60766371504256,33.49233628495743,48.38235998562037,40.67570453545461,48.38235998562037
261,41.8,47.5,42.45,40.8,0,1.6500000000000057,0.25,1.4000000000000057,1.6500000000000057,2.556401916887416,49.29420575066225,33.95579424933775,48.38235998562037,40.67570453545461,48.38235998562037
262,42.3,41.15,48.0,42.0,0,6.0,0.5,5.5,6.0,2.986851677276489,53.960555031829465,36.039444968170535,48.38235998562037,40.67570453545461,48.38235998562037
263,47.9,41.25,48.4,41.25,0,7.149999999999999,7.25,0.10000000000000142,7.25,3.5197452176169275,55.38423565285078,34.26576434714922,48.38235998562037,40.67570453545461,48.38235998562037
264,41.8,41.4,41.8,41.15,0,0.6499999999999986,0.5499999999999972,0.10000000000000142,0.6499999999999986,3.161027065414811,50.95808119624443,31.99191880375556,48.38235998562037,40.67570453545461,48.38235998562037
265,41.25,42.2,41.55,40.8,0,0.75,0.14999999999999858,0.6000000000000014,0.75,2.85964868223796,49.75394604671388,32.596053953286116,48.38235998562037,40.67570453545461,48.38235998562037
266,41.65,42.8,42.45,41.35,0,1.1000000000000014,0.25,0.8500000000000014,1.1000000000000014,2.639692596958215,49.81907779087465,33.98092220912536,48.38235998562037,40.67570453545461,48.38235998562037
267,42.3,46.8,43.05,42.0,0,1.0499999999999972,0.25,0.7999999999999972,1.0499999999999972,2.4409810223384376,49.84794306701531,35.20205693298469,48.38235998562037,40.67570453545461,48.38235998562037
268,42.7,47.5,46.95,42.65,0,4.300000000000004,0.15000000000000568,4.149999999999999,4.300000000000004,2.6733583945461334,52.820075183638394,36.7799248163616,48.38235998562037,40.67570453545461,48.38235998562037
269,46.05,47.85,48.0,45.85,0,2.1499999999999986,0.5,1.6499999999999986,2.1499999999999986,2.6079385952278664,54.7488157856836,39.1011842143164,48.38235998562037,40.67570453545461,48.38235998562037
270,47.9,41.7,48.4,47.4,0,1.0,0.5499999999999972,0.45000000000000284,1.0,2.406946270824383,55.120838812473146,40.67916118752685,48.38235998562037,40.67916118752685,48.38235998562037
271,48.0,41.15,48.25,41.35,0,6.899999999999999,6.549999999999997,0.3500000000000014,6.899999999999999,2.9685779869713347,53.705733960914,35.89426603908599,48.38235998562037,40.67916118752685,48.38235998562037
272,41.8,42.2,41.85,41.25,0,0.6000000000000014,0.7000000000000028,0.10000000000000142,0.7000000000000028,2.6850057385999184,49.60501721579975,33.494982784200246,48.38235998562037,40.67916118752685,48.38235998562037
273,41.8,47.5,42.45,40.8,0,1.6500000000000057,0.25,1.4000000000000057,1.6500000000000057,2.555630021274929,49.29189006382479,33.95810993617521,48.38235998562037,40.67916118752685,48.38235998562037
274,42.3,41.15,48.0,42.0,0,6.0,0.5,5.5,6.0,2.986176268615563,53.95852880584669,36.04147119415331,48.38235998562037,40.67916118752685,48.38235998562037
275,47.9,41.25,48.4,41.25,0,7.149999999999999,7.25,0.10000000000000142,7.25,3.519154235038618,55.382462705115856,34.26753729488415,48.38235998562037,40.67916118752685,48.38235998562037
276,41.8,41.4,41.8,41.15,0,0.6499999999999986,0.5499999999999972,0.10000000000000142,0.6499999999999986,3.1605099556587906,50.95652986697637,31.99347013302362,48.38235998562037,40.67916118752685,48.38235998562037
277,41.25,42.2,41.55,40.8,0,0.75,0.14999999999999858,0.6000000000000014,0.75,2.859196211201442,49.75258863360432,32.597411366395676,48.38235998562037,40.67916118752685,48.38235998562037
278,41.65,42.8,42.45,41.35,0,1.1000000000000014,0.25,0.8500000000000014,1.1000000000000014,2.639296684801262,49.81789005440379,33.98210994559622,48.38235998562037,40.67916118752685,48.38235998562037
279,42.3,46.8,43.05,42.0,0,1.0499999999999972,0.25,0.7999999999999972,1.0499999999999972,2.4406345992011036,49.84690379760331,35.20309620239669,48.38235998562037,40.67916118752685,48.38235998562037
280,42.7,47.5,46.95,42.65,0,4.300000000000004,0.15000000000000568,4.149999999999999,4.300000000000004,2.673055274300966,52.819165822902896,36.7808341770971,48.38235998562037,40.67916118752685,48.38235998562037
281,46.05,47.85,48.0,45.85,0,2.1499999999999986,0.5,1.6499999999999986,2.1499999999999986,2.607673365013345,54.74802009504003,39.10197990495996,48.38235998562037,40.67916118752685,48.38235998562037
282,47.9,41.7,48.4,47.4,0,1.0,0.5499999999999972,0.45000000000000284,1.0,2.406714194386677,55.12014258316003,40.679857416839965,48.38235998562037,40.679857416839965,48.38235998562037
283,48.0,41.15,48.25,41.35,0,6.899999999999999,6.549999999999997,0.3500000000000014,6.899999999999999,2.9683749200883423,53.70512476026502,35.89487523973497,48.38235998562037,40.679857416839965,48.38235998562037
